High,Low,Open,Close,Volume,Adj Close,timestamp
1.6174999475479126,1.5175000429153442,1.534999966621399,1.5774999856948853,17814400.0,1.5774999856948853,2020-01-02
1.5625,1.4600000381469727,1.5525000095367432,1.4700000286102295,14175600.0,1.4700000286102295,2020-01-03
1.4774999618530273,1.399999976158142,1.4500000476837158,1.462499976158142,13579200.0,1.462499976158142,2020-01-06
1.4574999809265137,1.3600000143051147,1.4424999952316284,1.3799999952316284,20912000.0,1.3799999952316284,2020-01-07
1.462499976158142,1.3524999618530273,1.372499942779541,1.4299999475479126,22517600.0,1.4299999475479126,2020-01-08
1.4550000429153442,1.3700000047683716,1.4550000429153442,1.3875000476837158,10572000.0,1.3875000476837158,2020-01-09
1.399999976158142,1.3450000286102295,1.3899999856948853,1.3574999570846558,11125600.0,1.3574999570846558,2020-01-10
1.402500033378601,1.3324999809265137,1.3574999570846558,1.3574999570846558,14500800.0,1.3574999570846558,2020-01-13
1.25,1.1325000524520874,1.1950000524520874,1.1775000095367432,50247600.0,1.1775000095367432,2020-01-14
1.1825000047683716,1.1375000476837158,1.1649999618530273,1.152500033378601,19924400.0,1.152500033378601,2020-01-15
1.1775000095367432,1.1299999952316284,1.152500033378601,1.1549999713897705,17148400.0,1.1549999713897705,2020-01-16
1.1875,1.127500057220459,1.1449999809265137,1.1875,16078000.0,1.1875,2020-01-17
1.1875,1.1375000476837158,1.1875,1.1475000381469727,14128400.0,1.1475000381469727,2020-01-21
1.159999966621399,1.1150000095367432,1.1375000476837158,1.1399999856948853,10510000.0,1.1399999856948853,2020-01-22
1.159999966621399,1.1150000095367432,1.1375000476837158,1.1549999713897705,7520800.0,1.1549999713897705,2020-01-23
1.159999966621399,1.0625,1.159999966621399,1.0800000429153442,16654400.0,1.0800000429153442,2020-01-24
1.087499976158142,1.0399999618530273,1.0499999523162842,1.0700000524520874,8490000.0,1.0700000524520874,2020-01-27
1.0750000476837158,1.0449999570846558,1.0750000476837158,1.0525000095367432,8579600.0,1.0525000095367432,2020-01-28
1.0800000429153442,1.0325000286102295,1.0549999475479126,1.0325000286102295,6210400.0,1.0325000286102295,2020-01-29
1.0299999713897705,0.9700000286102295,1.024999976158142,0.9825000166893005,12026000.0,0.9825000166893005,2020-01-30
0.9850000143051147,0.9574999809265137,0.9775000214576721,0.9599999785423279,11566800.0,0.9599999785423279,2020-01-31
0.9950000047683716,0.9624999761581421,0.9700000286102295,0.987500011920929,8102400.0,0.987500011920929,2020-02-03
1.0625,0.9925000071525574,1.0075000524520874,1.0175000429153442,14252400.0,1.0175000429153442,2020-02-04
1.1024999618530273,1.034999966621399,1.037500023841858,1.0449999570846558,10566800.0,1.0449999570846558,2020-02-05
1.0750000476837158,1.034999966621399,1.0499999523162842,1.034999966621399,6041200.0,1.034999966621399,2020-02-06
1.0325000286102295,0.9424999952316284,1.027500033378601,0.9524999856948853,10969200.0,0.9524999856948853,2020-02-07
1.024999976158142,0.9350000023841858,0.9624999761581421,0.9850000143051147,11108000.0,0.9850000143051147,2020-02-10
1.059999942779541,0.987500011920929,0.9950000047683716,1.0049999952316284,13660000.0,1.0049999952316284,2020-02-11
1.127500057220459,1.0175000429153442,1.0325000286102295,1.0475000143051147,19282400.0,1.0475000143051147,2020-02-12
1.065000057220459,1.0175000429153442,1.0299999713897705,1.027500033378601,8326800.0,1.027500033378601,2020-02-13
1.0475000143051147,1.0049999952316284,1.027500033378601,1.0049999952316284,6330800.0,1.0049999952316284,2020-02-14
1.0199999809265137,0.9900000095367432,1.002500057220459,1.0149999856948853,5870400.0,1.0149999856948853,2020-02-18
1.0674999952316284,0.9800000190734863,1.0149999856948853,1.037500023841858,10372400.0,1.037500023841858,2020-02-19
1.0750000476837158,1.027500033378601,1.0399999618530273,1.034999966621399,6249200.0,1.034999966621399,2020-02-20
1.0449999570846558,0.9975000023841858,1.0299999713897705,1.0099999904632568,6782800.0,1.0099999904632568,2020-02-21
0.9825000166893005,0.925000011920929,0.9750000238418579,0.925000011920929,14265200.0,0.925000011920929,2020-02-24
0.9474999904632568,0.887499988079071,0.9424999952316284,0.8899999856948853,17791600.0,0.8899999856948853,2020-02-25
0.9049999713897705,0.8399999737739563,0.8949999809265137,0.8475000262260437,18899200.0,0.8475000262260437,2020-02-26
0.9075000286102295,0.7950000166893005,0.8075000047683716,0.8675000071525574,15518000.0,0.8675000071525574,2020-02-27
0.9300000071525574,0.8349999785423279,0.8349999785423279,0.8999999761581421,18768800.0,0.8999999761581421,2020-02-28
0.9624999761581421,0.8475000262260437,0.8999999761581421,0.9574999809265137,12833600.0,0.9574999809265137,2020-03-02
0.9725000262260437,0.875,0.9700000286102295,0.9075000286102295,17130000.0,0.9075000286102295,2020-03-03
0.9574999809265137,0.8650000095367432,0.9275000095367432,0.9424999952316284,17030400.0,0.9424999952316284,2020-03-04
0.9975000023841858,0.8974999785423279,0.925000011920929,0.9900000095367432,14397600.0,0.9900000095367432,2020-03-05
1.0175000429153442,0.9399999976158142,0.9599999785423279,0.9800000190734863,8387200.0,0.9800000190734863,2020-03-06
0.9925000071525574,0.875,0.8974999785423279,0.925000011920929,10928000.0,0.925000011920929,2020-03-09
1.065000057220459,0.949999988079071,0.9850000143051147,1.0575000047683716,19452800.0,1.0575000047683716,2020-03-10
1.0625,1.0,1.034999966621399,1.034999966621399,17656400.0,1.034999966621399,2020-03-11
1.0099999904632568,0.8700000047683716,0.925000011920929,0.9950000047683716,20493600.0,0.9950000047683716,2020-03-12
1.162500023841858,0.9624999761581421,1.0325000286102295,1.1475000381469727,23148800.0,1.1475000381469727,2020-03-13
1.1425000429153442,0.9750000238418579,0.9825000166893005,1.0924999713897705,19466800.0,1.0924999713897705,2020-03-16
1.162500023841858,1.027500033378601,1.100000023841858,1.0575000047683716,14248800.0,1.0575000047683716,2020-03-17
1.0625,0.875,1.024999976158142,0.9424999952316284,14606800.0,0.9424999952316284,2020-03-18
1.0499999523162842,0.887499988079071,0.9275000095367432,1.0475000143051147,20158000.0,1.0475000143051147,2020-03-19
1.0199999809265137,0.9125000238418579,1.0199999809265137,0.9399999976158142,30888800.0,0.9399999976158142,2020-03-20
0.9649999737739563,0.875,0.8949999809265137,0.9524999856948853,24039200.0,0.9524999856948853,2020-03-23
1.0525000095367432,0.9725000262260437,0.987500011920929,1.0399999618530273,27222400.0,1.0399999618530273,2020-03-24
1.122499942779541,1.0099999904632568,1.037500023841858,1.0425000190734863,14368400.0,1.0425000190734863,2020-03-25
1.1775000095367432,1.059999942779541,1.059999942779541,1.1024999618530273,24742800.0,1.1024999618530273,2020-03-26
1.2725000381469727,1.037500023841858,1.2350000143051147,1.0549999475479126,28099200.0,1.0549999475479126,2020-03-27
1.0674999952316284,0.9125000238418579,1.0549999475479126,0.9125000238418579,13402400.0,0.9125000238418579,2020-03-30
0.949999988079071,0.875,0.9075000286102295,0.875,9203600.0,0.875,2020-03-31
0.8725000023841858,0.7799999713897705,0.862500011920929,0.8125,18274800.0,0.8125,2020-04-01
0.8374999761581421,0.7124999761581421,0.8149999976158142,0.7124999761581421,16257200.0,0.7124999761581421,2020-04-02
0.7350000143051147,0.6424999833106995,0.7124999761581421,0.699999988079071,15321600.0,0.699999988079071,2020-04-03
0.800000011920929,0.7074999809265137,0.7149999737739563,0.7724999785423279,13362000.0,0.7724999785423279,2020-04-06
0.8600000143051147,0.7749999761581421,0.8475000262260437,0.8174999952316284,11347600.0,0.8174999952316284,2020-04-07
0.9175000190734863,0.800000011920929,0.8075000047683716,0.8525000214576721,11538000.0,0.8525000214576721,2020-04-08
1.0625,0.8725000023841858,0.8999999761581421,0.9725000262260437,23634400.0,0.9725000262260437,2020-04-09
1.190000057220459,1.0399999618530273,1.0625,1.184999942779541,27378000.0,1.184999942779541,2020-04-13
1.6174999475479126,1.284999966621399,1.3025000095367432,1.4874999523162842,54026400.0,1.4874999523162842,2020-04-14
1.4175000190734863,1.225000023841858,1.4149999618530273,1.3174999952316284,29999600.0,1.3174999952316284,2020-04-15
1.3600000143051147,1.2200000286102295,1.2799999713897705,1.2575000524520874,13487600.0,1.2575000524520874,2020-04-16
1.3200000524520874,1.1074999570846558,1.3049999475479126,1.2200000286102295,22612800.0,1.2200000286102295,2020-04-17
1.475000023841858,1.1950000524520874,1.212499976158142,1.402500033378601,24340000.0,1.402500033378601,2020-04-20
1.3250000476837158,1.190000057220459,1.3075000047683716,1.1950000524520874,16568400.0,1.1950000524520874,2020-04-21
1.2925000190734863,1.2074999809265137,1.284999966621399,1.222499966621399,10711200.0,1.222499966621399,2020-04-22
1.222499966621399,1.1449999809265137,1.1875,1.1749999523162842,9063600.0,1.1749999523162842,2020-04-23
1.212499976158142,1.1649999618530273,1.1950000524520874,1.1924999952316284,8944800.0,1.1924999952316284,2020-04-24
1.497499942779541,1.2024999856948853,1.212499976158142,1.4550000429153442,29100400.0,1.4550000429153442,2020-04-27
1.5099999904632568,1.2649999856948853,1.4800000190734863,1.409999966621399,20800800.0,1.409999966621399,2020-04-28
1.5225000381469727,1.3624999523162842,1.4574999809265137,1.5099999904632568,13478400.0,1.5099999904632568,2020-04-29
1.4950000047683716,1.409999966621399,1.4674999713897705,1.4325000047683716,8693200.0,1.4325000047683716,2020-04-30
1.5449999570846558,1.3624999523162842,1.412500023841858,1.5125000476837158,16022400.0,1.5125000476837158,2020-05-01
1.4824999570846558,1.350000023841858,1.4600000381469727,1.3700000047683716,16272400.0,1.3700000047683716,2020-05-04
1.4075000286102295,1.337499976158142,1.3875000476837158,1.347499966621399,8423600.0,1.347499966621399,2020-05-05
1.350000023841858,1.225000023841858,1.350000023841858,1.2324999570846558,13478400.0,1.2324999570846558,2020-05-06
1.2324999570846558,1.162500023841858,1.2074999809265137,1.2174999713897705,10003200.0,1.2174999713897705,2020-05-07
1.2975000143051147,1.2050000429153442,1.2200000286102295,1.2450000047683716,9410400.0,1.2450000047683716,2020-05-08
1.2400000095367432,1.1875,1.2300000190734863,1.190000057220459,6796800.0,1.190000057220459,2020-05-11
1.2300000190734863,1.1150000095367432,1.1950000524520874,1.1349999904632568,10556800.0,1.1349999904632568,2020-05-12
1.1349999904632568,1.0175000429153442,1.1349999904632568,1.0525000095367432,11531600.0,1.0525000095367432,2020-05-13
1.0475000143051147,0.9900000095367432,1.037500023841858,1.0325000286102295,8019600.0,1.0325000286102295,2020-05-14
1.1124999523162842,1.0099999904632568,1.0125000476837158,1.0549999475479126,7762400.0,1.0549999475479126,2020-05-15
1.1575000286102295,1.090000033378601,1.100000023841858,1.1449999809265137,9456800.0,1.1449999809265137,2020-05-18
1.1875,1.0924999713897705,1.1449999809265137,1.1100000143051147,7362800.0,1.1100000143051147,2020-05-19
1.1725000143051147,1.0850000381469727,1.125,1.1074999570846558,10174400.0,1.1074999570846558,2020-05-20
1.162500023841858,1.100000023841858,1.1124999523162842,1.1100000143051147,7887600.0,1.1100000143051147,2020-05-21
1.122499942779541,1.0325000286102295,1.1150000095367432,1.0449999570846558,9519600.0,1.0449999570846558,2020-05-22
1.152500033378601,1.0824999809265137,1.0850000381469727,1.1050000190734863,14182800.0,1.1050000190734863,2020-05-26
1.1775000095367432,1.090000033378601,1.1425000429153442,1.1725000143051147,12586400.0,1.1725000143051147,2020-05-27
1.190000057220459,1.0750000476837158,1.1875,1.0824999809265137,8735600.0,1.0824999809265137,2020-05-28
1.1050000190734863,1.0125000476837158,1.0824999809265137,1.0149999856948853,15846800.0,1.0149999856948853,2020-05-29
1.090000033378601,1.0049999952316284,1.0299999713897705,1.0325000286102295,10446400.0,1.0325000286102295,2020-06-01
1.0774999856948853,1.0149999856948853,1.0674999952316284,1.0449999570846558,9477600.0,1.0449999570846558,2020-06-02
1.1299999952316284,1.0499999523162842,1.059999942779541,1.1100000143051147,12149600.0,1.1100000143051147,2020-06-03
1.1799999475479126,1.0924999713897705,1.1100000143051147,1.1174999475479126,14057200.0,1.1174999475479126,2020-06-04
1.1024999618530273,1.0225000381469727,1.0724999904632568,1.034999966621399,25097600.0,1.034999966621399,2020-06-05
1.284999966621399,1.0674999952316284,1.0700000524520874,1.252500057220459,40534800.0,1.252500057220459,2020-06-08
1.25,1.1375000476837158,1.25,1.2400000095367432,32293600.0,1.2400000095367432,2020-06-09
1.3825000524520874,1.1699999570846558,1.1950000524520874,1.2675000429153442,42425600.0,1.2675000429153442,2020-06-10
1.225000023841858,1.0449999570846558,1.159999966621399,1.0924999713897705,24944000.0,1.0924999713897705,2020-06-11
1.1950000524520874,1.097499966621399,1.149999976158142,1.1799999475479126,17512800.0,1.1799999475479126,2020-06-12
1.1924999952316284,1.1050000190734863,1.125,1.1725000143051147,15636000.0,1.1725000143051147,2020-06-15
1.2374999523162842,1.127500057220459,1.2374999523162842,1.159999966621399,12485200.0,1.159999966621399,2020-06-16
1.2074999809265137,1.1325000524520874,1.1349999904632568,1.190000057220459,14374000.0,1.190000057220459,2020-06-17
1.2374999523162842,1.162500023841858,1.1675000190734863,1.2374999523162842,13695200.0,1.2374999523162842,2020-06-18
1.2699999809265137,1.1725000143051147,1.2374999523162842,1.2200000286102295,29466400.0,1.2200000286102295,2020-06-19
1.2374999523162842,1.1799999475479126,1.1974999904632568,1.2174999713897705,12715600.0,1.2174999713897705,2020-06-22
1.247499942779541,1.2000000476837158,1.2374999523162842,1.2074999809265137,12821600.0,1.2074999809265137,2020-06-23
1.2100000381469727,1.0950000286102295,1.2074999809265137,1.1024999618530273,11904800.0,1.1024999618530273,2020-06-24
1.1349999904632568,1.0750000476837158,1.0824999809265137,1.1150000095367432,9803200.0,1.1150000095367432,2020-06-25
1.125,1.0674999952316284,1.1200000047683716,1.087499976158142,15204800.0,1.087499976158142,2020-06-26
1.1299999952316284,1.0750000476837158,1.087499976158142,1.0950000286102295,8524800.0,1.0950000286102295,2020-06-29
1.127500057220459,1.0499999523162842,1.0824999809265137,1.0850000381469727,15556000.0,1.0850000381469727,2020-06-30
1.125,1.0774999856948853,1.0774999856948853,1.1100000143051147,9214800.0,1.1100000143051147,2020-07-01
1.127500057220459,1.0724999904632568,1.122499942779541,1.0724999904632568,7550400.0,1.0724999904632568,2020-07-02
1.0850000381469727,1.0475000143051147,1.0774999856948853,1.059999942779541,8563600.0,1.059999942779541,2020-07-06
1.0625,1.0149999856948853,1.0499999523162842,1.0225000381469727,9826400.0,1.0225000381469727,2020-07-07
1.0724999904632568,1.0075000524520874,1.024999976158142,1.065000057220459,8211200.0,1.065000057220459,2020-07-08
1.0800000429153442,1.0325000286102295,1.0674999952316284,1.0525000095367432,7970400.0,1.0525000095367432,2020-07-09
1.0950000286102295,1.0449999570846558,1.0499999523162842,1.0850000381469727,5643200.0,1.0850000381469727,2020-07-10
1.1375000476837158,1.065000057220459,1.087499976158142,1.065000057220459,16864800.0,1.065000057220459,2020-07-13
1.0774999856948853,1.0175000429153442,1.0549999475479126,1.0199999809265137,9046400.0,1.0199999809265137,2020-07-14
1.0724999904632568,1.0325000286102295,1.0325000286102295,1.0475000143051147,5896400.0,1.0475000143051147,2020-07-15
1.0499999523162842,1.0225000381469727,1.0475000143051147,1.0425000190734863,5320400.0,1.0425000190734863,2020-07-16
1.0575000047683716,0.9850000143051147,1.0399999618530273,0.9900000095367432,12263600.0,0.9900000095367432,2020-07-17
1.0149999856948853,0.9424999952316284,0.987500011920929,0.9624999761581421,13604400.0,0.9624999761581421,2020-07-20
1.0225000381469727,0.9700000286102295,0.9750000238418579,1.002500057220459,13351600.0,1.002500057220459,2020-07-21
1.0299999713897705,0.9800000190734863,1.0049999952316284,1.027500033378601,10094000.0,1.027500033378601,2020-07-22
1.0774999856948853,1.0149999856948853,1.0225000381469727,1.027500033378601,12948800.0,1.027500033378601,2020-07-23
1.0575000047683716,1.002500057220459,1.0149999856948853,1.0075000524520874,8863600.0,1.0075000524520874,2020-07-24
1.0299999713897705,0.987500011920929,1.0049999952316284,1.002500057220459,9890800.0,1.002500057220459,2020-07-27
1.0125000476837158,0.9800000190734863,0.9900000095367432,0.9850000143051147,18221600.0,0.9850000143051147,2020-07-28
1.0449999570846558,0.9800000190734863,0.9850000143051147,1.0149999856948853,11518400.0,1.0149999856948853,2020-07-29
1.0575000047683716,0.9925000071525574,1.0,1.024999976158142,9594000.0,1.024999976158142,2020-07-30
1.0399999618530273,0.9975000023841858,1.0149999856948853,1.002500057220459,7517600.0,1.002500057220459,2020-07-31
1.0625,1.0,1.0075000524520874,1.037500023841858,10070400.0,1.037500023841858,2020-08-03
1.184999942779541,1.0325000286102295,1.0325000286102295,1.1074999570846558,41445600.0,1.1074999570846558,2020-08-04
1.190000057220459,1.0625,1.125,1.1575000286102295,19677200.0,1.1575000286102295,2020-08-05
1.1649999618530273,1.0950000286102295,1.149999976158142,1.1074999570846558,7604800.0,1.1074999570846558,2020-08-06
1.100000023841858,1.0149999856948853,1.097499966621399,1.0399999618530273,13364400.0,1.0399999618530273,2020-08-07
1.1425000429153442,1.0449999570846558,1.0499999523162842,1.0824999809265137,18247200.0,1.0824999809265137,2020-08-10
1.1425000429153442,1.0850000381469727,1.1074999570846558,1.087499976158142,12555200.0,1.087499976158142,2020-08-11
1.1575000286102295,1.090000033378601,1.100000023841858,1.1299999952316284,12230400.0,1.1299999952316284,2020-08-12
1.1775000095367432,1.125,1.1299999952316284,1.159999966621399,8513200.0,1.159999966621399,2020-08-13
1.2074999809265137,1.1375000476837158,1.149999976158142,1.1875,13897600.0,1.1875,2020-08-14
1.1950000524520874,1.1399999856948853,1.1950000524520874,1.1575000286102295,9484000.0,1.1575000286102295,2020-08-17
1.2174999713897705,1.1074999570846558,1.152500033378601,1.2024999856948853,15337600.0,1.2024999856948853,2020-08-18
1.2100000381469727,1.159999966621399,1.2000000476837158,1.1799999475479126,10450400.0,1.1799999475479126,2020-08-19
1.1699999570846558,1.127500057220459,1.1549999713897705,1.152500033378601,9764800.0,1.152500033378601,2020-08-20
1.399999976158142,1.149999976158142,1.149999976158142,1.2575000524520874,42570400.0,1.2575000524520874,2020-08-21
1.2825000286102295,1.1399999856948853,1.274999976158142,1.2174999713897705,18341600.0,1.2174999713897705,2020-08-24
1.3125,1.2200000286102295,1.2200000286102295,1.2450000047683716,11994800.0,1.2450000047683716,2020-08-25
1.3049999475479126,1.2300000190734863,1.2424999475479126,1.277500033378601,11118800.0,1.277500033378601,2020-08-26
1.3450000286102295,1.2549999952316284,1.277500033378601,1.3125,13537600.0,1.3125,2020-08-27
1.3925000429153442,1.3049999475479126,1.3250000476837158,1.347499966621399,16947600.0,1.347499966621399,2020-08-28
1.787500023841858,1.4225000143051147,1.4424999952316284,1.6699999570846558,151904000.0,1.6699999570846558,2020-08-31
1.9550000429153442,1.6924999952316284,1.8250000476837158,1.912500023841858,92634400.0,1.912500023841858,2020-09-01
2.012500047683716,1.777500033378601,1.9500000476837158,1.9275000095367432,52044400.0,1.9275000095367432,2020-09-02
2.112499952316284,1.809999942779541,1.9700000286102295,1.9550000429153442,57378000.0,1.9550000429153442,2020-09-03
1.9800000190734863,1.7925000190734863,1.9450000524520874,1.912500023841858,30648000.0,1.912500023841858,2020-09-04
2.069999933242798,1.8700000047683716,1.8875000476837158,1.9249999523162842,39266400.0,1.9249999523162842,2020-09-08
1.997499942779541,1.8274999856948853,1.9900000095367432,1.837499976158142,36272400.0,1.837499976158142,2020-09-09
1.7374999523162842,1.5475000143051147,1.662500023841858,1.5575000047683716,62233200.0,1.5575000047683716,2020-09-10
1.5824999809265137,1.4674999713897705,1.565000057220459,1.5225000381469727,24244800.0,1.5225000381469727,2020-09-11
1.75,1.6074999570846558,1.7000000476837158,1.7274999618530273,40476000.0,1.7274999618530273,2020-09-14
1.815000057220459,1.6725000143051147,1.715000033378601,1.7725000381469727,22974000.0,1.7725000381469727,2020-09-15
2.259999990463257,1.7575000524520874,1.7575000524520874,2.1700000762939453,77025200.0,2.1700000762939453,2020-09-16
2.442500114440918,2.1024999618530273,2.1424999237060547,2.299999952316284,68106800.0,2.299999952316284,2020-09-17
2.442500114440918,2.2274999618530273,2.299999952316284,2.367500066757202,69630000.0,2.367500066757202,2020-09-18
2.4000000953674316,2.0950000286102295,2.3375000953674316,2.1875,30559200.0,2.1875,2020-09-21
2.7925000190734863,2.4749999046325684,2.612499952316284,2.640000104904175,139010000.0,2.640000104904175,2020-09-22
2.7149999141693115,2.4800000190734863,2.6500000953674316,2.509999990463257,42604800.0,2.509999990463257,2020-09-23
2.452500104904175,2.252500057220459,2.427500009536743,2.2850000858306885,31755200.0,2.2850000858306885,2020-09-24
2.5450000762939453,2.2750000953674316,2.297499895095825,2.505000114440918,30060800.0,2.505000114440918,2020-09-25
2.565000057220459,2.387500047683716,2.5399999618530273,2.5225000381469727,27057200.0,2.5225000381469727,2020-09-28
2.6624999046325684,2.4825000762939453,2.5,2.5875000953674316,20950400.0,2.5875000953674316,2020-09-29
2.690000057220459,2.515000104904175,2.5625,2.549999952316284,24316000.0,2.549999952316284,2020-09-30
2.5625,2.422499895095825,2.5225000381469727,2.442500114440918,18216400.0,2.442500114440918,2020-10-01
2.444999933242798,2.325000047683716,2.3450000286102295,2.3475000858306885,17362000.0,2.3475000858306885,2020-10-02
2.3975000381469727,2.3125,2.359999895095825,2.365000009536743,11220000.0,2.365000009536743,2020-10-05
2.4600000381469727,2.2750000953674316,2.390000104904175,2.2825000286102295,18141600.0,2.2825000286102295,2020-10-06
2.390000104904175,2.2925000190734863,2.307499885559082,2.3399999141693115,13234400.0,2.3399999141693115,2020-10-07
3.4100000858306885,2.297499895095825,2.384999990463257,3.372499942779541,305814400.0,3.372499942779541,2020-10-08
3.700000047683716,2.9749999046325684,3.2074999809265137,3.005000114440918,308611200.0,3.005000114440918,2020-10-09
3.192500114440918,2.8499999046325684,2.9149999618530273,2.950000047683716,94622800.0,2.950000047683716,2020-10-12
3.1050000190734863,2.9124999046325684,2.932499885559082,2.9700000286102295,40718800.0,2.9700000286102295,2020-10-13
3.1700000762939453,3.012500047683716,3.1675000190734863,3.0625,43045600.0,3.0625,2020-10-14
3.7750000953674316,2.997499942779541,2.997499942779541,3.4574999809265137,159579200.0,3.4574999809265137,2020-10-15
3.4749999046325684,3.2699999809265137,3.442500114440918,3.327500104904175,46606400.0,3.327500104904175,2020-10-16
3.625,3.3450000286102295,3.359999895095825,3.4774999618530273,52676400.0,3.4774999618530273,2020-10-19
3.5350000858306885,3.4175000190734863,3.507499933242798,3.4649999141693115,26416000.0,3.4649999141693115,2020-10-20
3.6050000190734863,3.450000047683716,3.4749999046325684,3.5250000953674316,21447600.0,3.5250000953674316,2020-10-21
3.9674999713897705,3.547499895095825,3.549999952316284,3.7274999618530273,64848800.0,3.7274999618530273,2020-10-22
3.8450000286102295,3.637500047683716,3.762500047683716,3.75,26029200.0,3.75,2020-10-23
3.862499952316284,3.315000057220459,3.7325000762939453,3.362499952316284,53505200.0,3.362499952316284,2020-10-26
3.427500009536743,3.0899999141693115,3.427500009536743,3.172499895095825,28924000.0,3.172499895095825,2020-10-27
3.262500047683716,2.944999933242798,3.067500114440918,2.9549999237060547,25554400.0,2.9549999237060547,2020-10-28
3.0625,2.9200000762939453,2.9700000286102295,2.932499885559082,16663200.0,2.932499885559082,2020-10-29
2.9100000858306885,2.5899999141693115,2.9100000858306885,2.617500066757202,46187600.0,2.617500066757202,2020-10-30
2.7725000381469727,2.625,2.7049999237060547,2.6875,20908000.0,2.6875,2020-11-02
2.9649999141693115,2.6575000286102295,2.6875,2.8924999237060547,29818000.0,2.8924999237060547,2020-11-03
2.942500114440918,2.6524999141693115,2.940000057220459,2.7274999618530273,23231600.0,2.7274999618530273,2020-11-04
2.9600000381469727,2.765000104904175,2.817500114440918,2.862499952316284,18820800.0,2.862499952316284,2020-11-05
3.0425000190734863,2.8299999237060547,2.880000114440918,2.9649999141693115,22072800.0,2.9649999141693115,2020-11-06
3.2325000762939453,2.8125,3.190000057220459,2.872499942779541,24979600.0,2.872499942779541,2020-11-09
2.9149999618530273,2.7074999809265137,2.875,2.7750000953674316,15304000.0,2.7750000953674316,2020-11-10
2.987499952316284,2.802500009536743,2.875,2.9375,19530400.0,2.9375,2020-11-11
2.9674999713897705,2.742500066757202,2.934999942779541,2.7825000286102295,17413200.0,2.7825000286102295,2020-11-12
2.887500047683716,2.75,2.8399999141693115,2.752500057220459,14143600.0,2.752500057220459,2020-11-13
3.1649999618530273,2.680000066757202,2.7899999618530273,3.015000104904175,39099200.0,3.015000104904175,2020-11-16
2.9800000190734863,2.807499885559082,2.9124999046325684,2.9075000286102295,26712800.0,2.9075000286102295,2020-11-17
3.009999990463257,2.890000104904175,2.950000047683716,2.8924999237060547,12676800.0,2.8924999237060547,2020-11-18
3.197499990463257,2.862499952316284,2.9000000953674316,3.115000009536743,47150400.0,3.115000009536743,2020-11-19
3.365000009536743,3.134999990463257,3.137500047683716,3.177500009536743,33581600.0,3.177500009536743,2020-11-20
3.5299999713897705,3.1675000190734863,3.2249999046325684,3.4749999046325684,38396400.0,3.4749999046325684,2020-11-23
3.565000057220459,3.325000047683716,3.557499885559082,3.4175000190734863,28732800.0,3.4175000190734863,2020-11-24
3.8125,3.3550000190734863,3.4000000953674316,3.6875,35440400.0,3.6875,2020-11-25
4.184999942779541,3.7200000286102295,3.822499990463257,4.019999980926514,50016800.0,4.019999980926514,2020-11-27
4.855000019073486,4.139999866485596,4.542500019073486,4.139999866485596,127934000.0,4.139999866485596,2020-11-30
4.349999904632568,3.940000057220459,4.277500152587891,3.950000047683716,50615600.0,3.950000047683716,2020-12-01
4.170000076293945,3.8450000286102295,3.924999952316284,4.144999980926514,31533600.0,4.144999980926514,2020-12-02
4.159999847412109,3.9674999713897705,4.119999885559082,4.03000020980835,25180000.0,4.03000020980835,2020-12-03
4.322500228881836,4.065000057220459,4.074999809265137,4.224999904632568,35890800.0,4.224999904632568,2020-12-04
4.375,4.054999828338623,4.25,4.087500095367432,29545200.0,4.087500095367432,2020-12-07
4.302499771118164,3.9825000762939453,4.09250020980835,4.235000133514404,64480800.0,4.235000133514404,2020-12-08
3.682499885559082,3.307499885559082,3.4800000190734863,3.4149999618530273,97431600.0,3.4149999618530273,2020-12-09
3.6024999618530273,3.262500047683716,3.2799999713897705,3.5299999713897705,30235600.0,3.5299999713897705,2020-12-10
3.5,3.255000114440918,3.4774999618530273,3.327500104904175,29987600.0,3.327500104904175,2020-12-11
3.3575000762939453,3.0350000858306885,3.3350000381469727,3.180000066757202,40028400.0,3.180000066757202,2020-12-14
3.505000114440918,3.119999885559082,3.194999933242798,3.4625000953674316,32759200.0,3.4625000953674316,2020-12-15
3.577500104904175,3.3949999809265137,3.490000009536743,3.4625000953674316,23460400.0,3.4625000953674316,2020-12-16
3.744999885559082,3.3975000381469727,3.490000009536743,3.7074999809265137,32779600.0,3.7074999809265137,2020-12-17
4.074999809265137,3.7950000762939453,3.944999933242798,3.9075000286102295,66475200.0,3.9075000286102295,2020-12-18
4.087500095367432,3.819999933242798,3.952500104904175,3.882499933242798,39504400.0,3.882499933242798,2020-12-21
5.010000228881836,4.037499904632568,4.054999828338623,4.864999771118164,122610800.0,4.864999771118164,2020-12-22
5.587500095367432,4.78249979019165,5.042500019073486,5.142499923706055,103321200.0,5.142499923706055,2020-12-23
5.369999885559082,4.987500190734863,5.252500057220459,5.037499904632568,25048800.0,5.037499904632568,2020-12-24
5.492499828338623,5.087500095367432,5.327499866485596,5.247499942779541,35863600.0,5.247499942779541,2020-12-28
5.267499923706055,4.639999866485596,5.204999923706055,4.84499979019165,36965600.0,4.84499979019165,2020-12-29
5.0,4.712500095367432,4.84499979019165,4.815000057220459,23737600.0,4.815000057220459,2020-12-30
4.949999809265137,4.699999809265137,4.8125,4.710000038146973,27690800.0,4.710000038146973,2020-12-31
4.775000095367432,4.287499904632568,4.75,4.3125,40090000.0,4.3125,2021-01-04
4.519999980926514,4.307499885559082,4.337500095367432,4.34250020980835,19846000.0,4.34250020980835,2021-01-05
4.744999885559082,4.332499980926514,4.335000038146973,4.590000152587891,24224800.0,4.590000152587891,2021-01-06
4.862500190734863,4.505000114440918,4.617499828338623,4.519999980926514,24517200.0,4.519999980926514,2021-01-07
4.574999809265137,4.269999980926514,4.545000076293945,4.422500133514404,25928000.0,4.422500133514404,2021-01-08
5.162499904632568,4.752500057220459,4.852499961853027,4.985000133514404,59632000.0,4.985000133514404,2021-01-11
5.099999904632568,4.829999923706055,4.989999771118164,4.987500190734863,28242800.0,4.987500190734863,2021-01-12
9.662500381469727,5.007500171661377,5.105000019073486,7.849999904632568,578006800.0,7.849999904632568,2021-01-13
10.765000343322754,8.262499809265137,9.522500038146973,9.977499961853027,374869600.0,9.977499961853027,2021-01-14
10.1875,8.5024995803833,9.6225004196167,8.875,187465600.0,8.875,2021-01-15
11.380000114440918,9.15999984741211,10.387499809265137,9.84000015258789,298887600.0,9.84000015258789,2021-01-19
10.297499656677246,9.015000343322754,9.342499732971191,9.779999732971191,133887200.0,9.779999732971191,2021-01-20
11.1875,9.25,9.807499885559082,10.757499694824219,224867600.0,10.757499694824219,2021-01-21
19.190000534057617,10.579999923706055,10.647500038146973,16.252500534057617,788631600.0,16.252500534057617,2021-01-22
39.79499816894531,15.282500267028809,24.1825008392334,19.197500228881836,711496000.0,19.197500228881836,2021-01-25
37.5,20.049999237060547,22.139999389648438,36.994998931884766,714352000.0,36.994998931884766,2021-01-26
95.0,62.25,88.7074966430664,86.87750244140625,373586800.0,86.87750244140625,2021-01-27
120.75,28.0625,66.25,48.400001525878906,235263200.0,48.400001525878906,2021-01-28
103.49500274658203,62.5,94.92749786376953,81.25,202264400.0,81.25,2021-01-29
80.5,53.0,79.13999938964844,56.25,149528800.0,56.25,2021-02-01
39.5,18.55500030517578,35.189998626708984,22.5,312732400.0,22.5,2021-02-02
28.350000381469727,21.3125,28.002500534057617,23.102500915527344,170794000.0,23.102500915527344,2021-02-03
22.875,13.332500457763672,22.797500610351562,13.375,249709200.0,13.375,2021-02-04
23.75,12.772500038146973,13.510000228881836,15.942500114440918,325380000.0,15.942500114440918,2021-02-05
18.165000915527344,14.505000114440918,18.102500915527344,15.0,102749200.0,15.0,2021-02-08
14.25,11.630000114440918,14.15250015258789,12.577500343322754,107372400.0,12.577500343322754,2021-02-09
15.707500457763672,11.637499809265137,12.692500114440918,12.800000190734863,145820000.0,12.800000190734863,2021-02-10
13.829999923706055,12.055000305175781,12.5024995803833,12.774999618530273,52226800.0,12.774999618530273,2021-02-11
13.8100004196167,12.012499809265137,12.6875,13.100000381469727,58293200.0,13.100000381469727,2021-02-12
13.375,12.260000228881836,13.164999961853027,12.3774995803833,32700000.0,12.3774995803833,2021-02-16
12.797499656677246,11.140000343322754,12.442500114440918,11.484999656677246,36747200.0,11.484999656677246,2021-02-17
12.217499732971191,10.162500381469727,12.1225004196167,10.172499656677246,95962400.0,10.172499656677246,2021-02-18
10.97249984741211,9.625,10.319999694824219,10.147500038146973,59312800.0,10.147500038146973,2021-02-19
12.1274995803833,10.600000381469727,11.672499656677246,11.5,77904000.0,11.5,2021-02-22
11.557499885559082,10.0,11.242500305175781,11.242500305175781,30260800.0,11.242500305175781,2021-02-23
22.927499771118164,11.175000190734863,11.175000190734863,22.927499771118164,332446800.0,22.927499771118164,2021-02-24
46.16999816894531,25.25,42.38999938964844,27.1825008392334,601235200.0,27.1825008392334,2021-02-25
35.724998474121094,21.5,29.364999771118164,25.434999465942383,368776800.0,25.434999465942383,2021-02-26
33.497501373291016,24.99250030517578,26.135000228881836,30.100000381469727,199176000.0,30.100000381469727,2021-03-01
33.29999923706055,28.049999237060547,29.232500076293945,29.545000076293945,135132000.0,29.545000076293945,2021-03-02
31.9375,28.280000686645508,30.627500534057617,31.045000076293945,77095600.0,31.045000076293945,2021-03-03
36.967498779296875,28.825000762939453,31.25,33.087501525878906,130427600.0,33.087501525878906,2021-03-04
37.88249969482422,31.875,32.04249954223633,34.435001373291016,122934800.0,34.435001373291016,2021-03-05
52.717498779296875,36.525001525878906,38.72249984741211,48.625,254262400.0,48.625,2021-03-08
62.462501525878906,52.127498626708984,54.4275016784668,61.724998474121094,156397200.0,61.724998474121094,2021-03-09
87.125,43.0,67.35749816894531,66.25,286282400.0,66.25,2021-03-10
70.375,58.150001525878906,60.40999984741211,65.0,113250000.0,65.0,2021-03-11
73.875,65.56749725341797,68.75,66.125,103383600.0,66.125,2021-03-12
70.75,51.5,69.37999725341797,55.03499984741211,96401600.0,55.03499984741211,2021-03-15
55.17499923706055,43.087501525878906,50.790000915527344,52.04249954223633,141691600.0,52.04249954223633,2021-03-16
57.86750030517578,51.0,54.459999084472656,52.45249938964844,65926400.0,52.45249938964844,2021-03-17
54.720001220703125,48.912498474121094,53.5,50.4375,47059600.0,50.4375,2021-03-18
56.75,45.665000915527344,48.932498931884766,50.067501068115234,98709200.0,50.067501068115234,2021-03-19
52.59000015258789,46.54999923706055,51.314998626708984,48.622501373291016,40246000.0,48.622501373291016,2021-03-22
50.4375,44.38750076293945,49.375,45.4375,57716400.0,45.4375,2021-03-23
41.74250030517578,29.655000686645508,39.494998931884766,30.084999084472656,96711600.0,30.084999084472656,2021-03-24
46.875,29.225000381469727,30.872499465942383,45.9375,203849200.0,45.9375,2021-03-25
54.73249816894531,40.814998626708984,49.41999816894531,45.25,149722800.0,45.25,2021-03-26
48.47999954223633,43.377498626708984,45.1875,45.32500076293945,40168800.0,45.32500076293945,2021-03-29
51.07500076293945,45.5,46.875,48.6150016784668,68379600.0,48.6150016784668,2021-03-30
49.8650016784668,46.77750015258789,49.375,47.45500183105469,33575200.0,47.45500183105469,2021-03-31
49.24250030517578,45.900001525878906,48.34000015258789,47.86249923706055,37337200.0,47.86249923706055,2021-04-01
48.75,41.20249938964844,42.75,46.73749923706055,56282000.0,46.73749923706055,2021-04-05
48.0,45.88999938964844,46.3025016784668,46.125,24873200.0,46.125,2021-04-06
46.125,44.02750015258789,45.80500030517578,44.49250030517578,19073200.0,44.49250030517578,2021-04-07
46.470001220703125,41.07500076293945,46.470001220703125,42.564998626708984,40189600.0,42.564998626708984,2021-04-08
42.89500045776367,38.25,42.42499923706055,39.59000015258789,37849600.0,39.59000015258789,2021-04-09
40.974998474121094,33.752498626708984,39.52750015258789,35.272499084472656,66734400.0,35.272499084472656,2021-04-12
36.345001220703125,33.0,35.470001220703125,35.247501373291016,27227600.0,35.247501373291016,2021-04-13
43.522499084472656,35.75,35.89250183105469,41.63249969482422,84552400.0,41.63249969482422,2021-04-14
41.5625,38.20000076293945,40.75,39.11000061035156,31427200.0,39.11000061035156,2021-04-15
40.04999923706055,37.8125,39.0,38.67250061035156,20858800.0,38.67250061035156,2021-04-16
43.79999923706055,40.58250045776367,42.95000076293945,41.092498779296875,42080800.0,41.092498779296875,2021-04-19
41.22249984741211,38.34000015258789,41.03499984741211,39.63249969482422,18634400.0,39.63249969482422,2021-04-20
40.744998931884766,38.97999954223633,39.599998474121094,39.627498626708984,15251200.0,39.627498626708984,2021-04-21
39.775001525878906,36.71500015258789,39.775001525878906,37.79249954223633,17383200.0,37.79249954223633,2021-04-22
38.415000915527344,36.17499923706055,37.25,37.79499816894531,16116400.0,37.79499816894531,2021-04-23
43.66999816894531,37.189998626708984,37.744998931884766,42.23249816894531,42128400.0,42.23249816894531,2021-04-26
47.0,43.29249954223633,45.88750076293945,44.442501068115234,35730800.0,44.442501068115234,2021-04-27
45.494998931884766,41.50749969482422,43.025001525878906,44.64500045776367,23155600.0,44.64500045776367,2021-04-28
45.21500015258789,42.6875,44.13999938964844,44.04750061035156,15041200.0,44.04750061035156,2021-04-29
45.95000076293945,43.17499923706055,43.75,43.397499084472656,17734400.0,43.397499084472656,2021-04-30
44.372501373291016,39.90250015258789,44.372501373291016,40.54999923706055,21044000.0,40.54999923706055,2021-05-03
40.372501373291016,37.95000076293945,39.75,40.182498931884766,16030000.0,40.182498931884766,2021-05-04
41.375,39.58250045776367,40.45750045776367,39.869998931884766,11221600.0,39.869998931884766,2021-05-05
41.18000030517578,38.900001525878906,40.21500015258789,40.252498626708984,11771200.0,40.252498626708984,2021-05-06
41.852500915527344,39.375,40.02750015258789,40.27750015258789,11738400.0,40.27750015258789,2021-05-07
40.397499084472656,35.75,40.32749938964844,35.80500030517578,19226800.0,35.80500030517578,2021-05-10
37.625,34.125,34.25,36.72999954223633,18738400.0,36.72999954223633,2021-05-11
37.625,35.557498931884766,36.42499923706055,36.1974983215332,10926000.0,36.1974983215332,2021-05-12
42.48749923706055,36.60749816894531,36.86000061035156,41.125,35494000.0,41.125,2021-05-13
41.61750030517578,39.05500030517578,40.0,39.97999954223633,17174000.0,39.97999954223633,2021-05-14
45.625,39.75,39.962501525878906,45.150001525878906,29848400.0,45.150001525878906,2021-05-17
47.29999923706055,42.067501068115234,43.6349983215332,45.16749954223633,30954800.0,45.16749954223633,2021-05-18
44.744998931884766,41.037498474121094,42.997501373291016,42.20750045776367,19303600.0,42.20750045776367,2021-05-19
43.727500915527344,41.724998474121094,42.6974983215332,42.622501373291016,9912800.0,42.622501373291016,2021-05-20
44.810001373291016,42.58250045776367,42.75,44.1974983215332,14618800.0,44.1974983215332,2021-05-21
47.1150016784668,43.337501525878906,43.962501525878906,45.002498626708984,18657200.0,45.002498626708984,2021-05-24
54.27750015258789,45.25,45.25,52.35749816894531,59550000.0,52.35749816894531,2021-05-25
62.119998931884766,56.38750076293945,57.25,60.63999938964844,84479600.0,60.63999938964844,2021-05-26
66.0,56.75,57.45000076293945,63.532501220703125,62105200.0,63.532501220703125,2021-05-27
67.19999694824219,55.35749816894531,65.74250030517578,55.5,47005600.0,55.5,2021-05-28
63.744998931884766,56.76750183105469,58.369998931884766,62.255001068115234,38502400.0,62.255001068115234,2021-06-01
73.5,61.07500076293945,62.220001220703125,70.55999755859375,64076800.0,70.55999755859375,2021-06-02
68.60749816894531,60.529998779296875,66.42749786376953,64.54499816894531,32000000.0,64.54499816894531,2021-06-03
66.25,61.442501068115234,64.00499725341797,62.09000015258789,14550000.0,62.09000015258789,2021-06-04
70.5,63.79999923706055,64.5,70.00250244140625,24206000.0,70.00250244140625,2021-06-07
86.16500091552734,70.25,73.0,75.0,69756400.0,75.0,2021-06-08
82.0,72.87750244140625,75.77999877929688,75.63999938964844,53717200.0,75.63999938964844,2021-06-09
72.0,52.75,70.5,55.09749984741211,91920800.0,55.09749984741211,2021-06-10
60.282501220703125,51.532501220703125,55.587501525878906,58.334999084472656,62323200.0,58.334999084472656,2021-06-11
59.502498626708984,54.79999923706055,59.125,57.36000061035156,28530400.0,57.36000061035156,2021-06-14
57.3125,52.0,56.59000015258789,55.625,29207600.0,55.625,2021-06-15
57.182498931884766,52.25,53.810001373291016,55.74250030517578,22259200.0,55.74250030517578,2021-06-16
58.415000915527344,55.369998931884766,56.0,55.897499084472656,18434400.0,55.897499084472656,2021-06-17
55.872501373291016,53.25,55.04499816894531,53.45500183105469,17281200.0,53.45500183105469,2021-06-18
54.599998474121094,49.25,54.23749923706055,50.092498779296875,20480800.0,50.092498779296875,2021-06-21
56.470001220703125,52.29249954223633,54.432498931884766,55.099998474121094,32800800.0,55.099998474121094,2021-06-22
55.64250183105469,53.529998779296875,55.36249923706055,54.834999084472656,14220400.0,54.834999084472656,2021-06-23
56.86249923706055,52.900001525878906,55.290000915527344,53.07749938964844,15453200.0,53.07749938964844,2021-06-24
53.54999923706055,49.625,53.5,52.377498626708984,50770800.0,52.377498626708984,2021-06-25
56.11249923706055,52.54999923706055,52.8125,53.3125,19517600.0,53.3125,2021-06-28
53.80500030517578,52.002498626708984,53.397499084472656,52.720001220703125,9920000.0,52.720001220703125,2021-06-29
53.81999969482422,51.73500061035156,52.42250061035156,53.53499984741211,10158400.0,53.53499984741211,2021-06-30
54.20750045776367,50.5,53.349998474121094,51.09000015258789,10968400.0,51.09000015258789,2021-07-01
51.36249923706055,49.125,51.20000076293945,50.70750045776367,10396400.0,50.70750045776367,2021-07-02
51.192501068115234,48.4275016784668,51.0,49.88999938964844,11072400.0,49.88999938964844,2021-07-06
49.375,44.38999938964844,49.0,47.665000915527344,16958000.0,47.665000915527344,2021-07-07
48.55500030517578,44.875,44.95750045776367,47.845001220703125,11430000.0,47.845001220703125,2021-07-08
48.69499969482422,46.6875,47.720001220703125,47.807498931884766,6331600.0,47.807498931884766,2021-07-09
49.4375,46.85499954223633,47.85499954223633,47.3125,6545200.0,47.3125,2021-07-12
47.1974983215332,44.75,46.91999816894531,45.01499938964844,9591600.0,45.01499938964844,2021-07-13
45.595001220703125,41.26750183105469,45.122501373291016,41.904998779296875,15655200.0,41.904998779296875,2021-07-14
42.997501373291016,39.502498626708984,40.0,41.70500183105469,17194400.0,41.70500183105469,2021-07-15
44.86750030517578,41.57500076293945,42.537498474121094,42.2599983215332,13151600.0,42.2599983215332,2021-07-16
44.0,40.30500030517578,40.82500076293945,43.372501373291016,9747600.0,43.372501373291016,2021-07-19
48.40999984741211,43.10499954223633,43.474998474121094,47.79499816894531,12404400.0,47.79499816894531,2021-07-20
48.877498626708984,45.52750015258789,46.9474983215332,46.45249938964844,8916800.0,46.45249938964844,2021-07-21
46.92250061035156,44.037498474121094,46.32500076293945,44.712501525878906,5652000.0,44.712501525878906,2021-07-22
45.400001525878906,43.459999084472656,45.25,45.09000015258789,5264800.0,45.09000015258789,2021-07-23
46.5099983215332,44.689998626708984,45.09000015258789,45.98500061035156,5042400.0,45.98500061035156,2021-07-26
46.25,44.165000915527344,45.75,44.6349983215332,4859200.0,44.6349983215332,2021-07-27
44.279998779296875,41.067501068115234,43.93000030517578,42.279998779296875,16403200.0,42.279998779296875,2021-07-28
43.47249984741211,41.127498626708984,42.650001525878906,41.21500015258789,8960000.0,41.21500015258789,2021-07-29
41.80500030517578,39.717498779296875,41.25,40.279998779296875,9508400.0,40.279998779296875,2021-07-30
40.897499084472656,38.76499938964844,40.5,39.412498474121094,10131600.0,39.412498474121094,2021-08-02
39.72249984741211,37.04999923706055,39.185001373291016,38.1875,57802400.0,38.1875,2021-08-03
39.4474983215332,36.42250061035156,38.182498931884766,36.70000076293945,9574000.0,36.70000076293945,2021-08-04
39.400001525878906,36.30500030517578,37.0,38.36000061035156,9648400.0,38.36000061035156,2021-08-05
39.125,37.57749938964844,38.647499084472656,37.942501068115234,5410800.0,37.942501068115234,2021-08-06
41.1775016784668,37.665000915527344,37.95000076293945,40.282501220703125,8996800.0,40.282501220703125,2021-08-09
41.724998474121094,38.837501525878906,40.34000015258789,39.76250076293945,6493200.0,39.76250076293945,2021-08-10
39.76250076293945,38.654998779296875,39.60749816894531,39.69499969482422,3781600.0,39.69499969482422,2021-08-11
41.06999969482422,39.33250045776367,39.970001220703125,40.587501525878906,5271200.0,40.587501525878906,2021-08-12
40.88750076293945,39.352500915527344,40.11750030517578,40.630001068115234,4059200.0,40.630001068115234,2021-08-13
42.470001220703125,39.790000915527344,40.25,40.98249816894531,6290400.0,40.98249816894531,2021-08-16
42.369998931884766,40.275001525878906,40.29750061035156,40.88750076293945,4863600.0,40.88750076293945,2021-08-17
41.400001525878906,39.1875,40.8125,39.26250076293945,5647200.0,39.26250076293945,2021-08-18
39.497501373291016,37.69499969482422,39.192501068115234,38.224998474121094,4786000.0,38.224998474121094,2021-08-19
40.022499084472656,38.310001373291016,38.45000076293945,39.82500076293945,4619600.0,39.82500076293945,2021-08-20
41.8224983215332,39.88750076293945,40.595001220703125,41.22249984741211,5372000.0,41.22249984741211,2021-08-23
56.25,41.287498474121094,41.5724983215332,52.5724983215332,58608800.0,52.5724983215332,2021-08-24
56.75,48.25,51.662498474121094,49.912498474121094,51444400.0,49.912498474121094,2021-08-25
54.25,49.75,50.16999816894531,51.30500030517578,24954400.0,51.30500030517578,2021-08-26
53.25,50.005001068115234,51.92499923706055,51.23749923706055,12923200.0,51.23749923706055,2021-08-27
54.54750061035156,50.755001068115234,51.25,52.29999923706055,13238400.0,52.29999923706055,2021-08-30
55.57500076293945,52.8650016784668,53.17499923706055,54.560001373291016,14298800.0,54.560001373291016,2021-08-31
57.86000061035156,52.005001068115234,56.0,53.24250030517578,17815200.0,53.24250030517578,2021-09-01
53.70000076293945,51.57500076293945,53.46500015258789,53.380001068115234,7408000.0,53.380001068115234,2021-09-02
54.067501068115234,49.709999084472656,53.01250076293945,50.6875,10634400.0,50.6875,2021-09-03
52.474998474121094,49.025001525878906,51.5625,49.75,9985200.0,49.75,2021-09-07
51.720001220703125,47.66999816894531,50.46500015258789,49.70000076293945,20694400.0,49.70000076293945,2021-09-08
50.5,44.5,45.022499084472656,49.79499816894531,30046000.0,49.79499816894531,2021-09-09
50.540000915527344,47.5,49.602500915527344,47.602500915527344,12170400.0,47.602500915527344,2021-09-10
52.220001220703125,47.875,48.4375,50.849998474121094,17336400.0,50.849998474121094,2021-09-13
51.154998779296875,48.75,50.162498474121094,49.810001373291016,8566400.0,49.810001373291016,2021-09-14
51.217498779296875,48.4375,49.25,51.130001068115234,9241600.0,51.130001068115234,2021-09-15
54.13750076293945,50.287498474121094,50.58250045776367,51.592498779296875,12232800.0,51.592498779296875,2021-09-16
53.122501373291016,50.19499969482422,52.005001068115234,51.24250030517578,15783600.0,51.24250030517578,2021-09-17
50.712501525878906,46.13750076293945,50.0,48.04999923706055,15767200.0,48.04999923706055,2021-09-20
49.84000015258789,46.5,49.84000015258789,47.48749923706055,10535200.0,47.48749923706055,2021-09-21
48.375,46.5724983215332,47.40999984741211,47.53499984741211,9026400.0,47.53499984741211,2021-09-22
48.9375,47.650001525878906,48.08250045776367,47.810001373291016,6729200.0,47.810001373291016,2021-09-23
47.93000030517578,46.02750015258789,47.75,46.290000915527344,6743200.0,46.290000915527344,2021-09-24
48.01250076293945,46.467498779296875,46.47999954223633,47.369998931884766,5880400.0,47.369998931884766,2021-09-27
47.70249938964844,44.5,47.0,44.650001525878906,7082000.0,44.650001525878906,2021-09-28
46.119998931884766,43.65250015258789,45.022499084472656,43.97999954223633,7599600.0,43.97999954223633,2021-09-29
46.36249923706055,41.6974983215332,43.75,43.86750030517578,12682800.0,43.86750030517578,2021-09-30
44.872501373291016,43.0625,44.849998474121094,44.227500915527344,6204400.0,44.227500915527344,2021-10-01
44.23749923706055,42.692501068115234,43.98749923706055,42.84000015258789,4782800.0,42.84000015258789,2021-10-04
43.29249954223633,41.67499923706055,42.79750061035156,43.04499816894531,5263600.0,43.04499816894531,2021-10-05
43.2400016784668,41.45249938964844,42.51499938964844,42.76750183105469,4801200.0,42.76750183105469,2021-10-06
43.79999923706055,42.6349983215332,43.0,43.029998779296875,4637200.0,43.029998779296875,2021-10-07
43.93000030517578,42.779998779296875,43.125,43.16999816894531,3272800.0,43.16999816894531,2021-10-08
47.122501373291016,43.25,43.25,44.525001525878906,10739600.0,44.525001525878906,2021-10-11
45.44499969482422,43.45000076293945,45.125,43.95500183105469,4934800.0,43.95500183105469,2021-10-12
47.0525016784668,44.0,44.57500076293945,46.01499938964844,7711600.0,46.01499938964844,2021-10-13
47.54999923706055,45.650001525878906,45.939998626708984,45.95750045776367,6695600.0,45.95750045776367,2021-10-14
46.744998931884766,45.220001220703125,46.0,45.81999969482422,4800000.0,45.81999969482422,2021-10-15
47.467498779296875,45.63750076293945,45.73500061035156,46.505001068115234,6358400.0,46.505001068115234,2021-10-18
48.04499816894531,46.099998474121094,47.247501373291016,46.6974983215332,8282400.0,46.6974983215332,2021-10-19
47.0,45.494998931884766,46.58250045776367,46.130001068115234,9107600.0,46.130001068115234,2021-10-20
47.67499923706055,45.150001525878906,46.1775016784668,45.4275016784668,9609600.0,45.4275016784668,2021-10-21
44.872501373291016,41.95000076293945,44.525001525878906,42.45000076293945,11201600.0,42.45000076293945,2021-10-22
43.70000076293945,41.814998626708984,42.35499954223633,43.49250030517578,5771200.0,43.49250030517578,2021-10-25
46.25,43.125,43.34000015258789,44.459999084472656,8706800.0,44.459999084472656,2021-10-26
45.772499084472656,43.08250045776367,45.0,43.377498626708984,4428000.0,43.377498626708984,2021-10-27
45.78499984741211,43.75,43.790000915527344,45.712501525878906,6784800.0,45.712501525878906,2021-10-28
46.4375,44.5,45.70249938964844,45.877498626708984,9176000.0,45.877498626708984,2021-10-29
52.14250183105469,45.51250076293945,45.63249969482422,50.022499084472656,19776800.0,50.022499084472656,2021-11-01
52.98500061035156,47.92250061035156,49.837501525878906,51.747501373291016,15529200.0,51.747501373291016,2021-11-02
63.92250061035156,52.0625,53.5,54.58250045776367,45062400.0,54.58250045776367,2021-11-03
57.24250030517578,52.88750076293945,55.5,54.459999084472656,11632000.0,54.459999084472656,2021-11-04
55.25,52.252498626708984,55.15999984741211,53.3125,7242800.0,53.3125,2021-11-05
56.2599983215332,53.002498626708984,53.125,54.65999984741211,8631600.0,54.65999984741211,2021-11-08
55.872501373291016,51.11000061035156,55.5,51.650001525878906,7381200.0,51.650001525878906,2021-11-09
51.84749984741211,49.125,50.529998779296875,49.79750061035156,5237600.0,49.79750061035156,2021-11-10
52.022499084472656,49.537498474121094,50.0,51.08000183105469,4317600.0,51.08000183105469,2021-11-11
51.34000015258789,49.470001220703125,50.53499984741211,50.525001525878906,3712000.0,50.525001525878906,2021-11-12
52.875,50.42250061035156,50.96500015258789,52.28499984741211,5865600.0,52.28499984741211,2021-11-15
53.14250183105469,50.907501220703125,52.255001068115234,51.79499816894531,4858400.0,51.79499816894531,2021-11-16
54.42499923706055,51.5,51.57500076293945,52.5,5410800.0,52.5,2021-11-17
53.78499984741211,51.875,52.5625,52.529998779296875,4017600.0,52.529998779296875,2021-11-18
57.34749984741211,52.0625,52.28499984741211,57.20000076293945,12136800.0,57.20000076293945,2021-11-19
62.40999984741211,57.4375,57.6150016784668,61.88750076293945,17485600.0,61.88750076293945,2021-11-22
63.04999923706055,53.13999938964844,60.959999084472656,53.474998474121094,13380800.0,53.474998474121094,2021-11-23
55.997501373291016,52.0,54.3125,52.94499969482422,5237600.0,52.94499969482422,2021-11-24
52.932498931884766,49.79999923706055,52.02000045776367,49.93000030517578,4941200.0,49.93000030517578,2021-11-26
51.977500915527344,50.23500061035156,51.0,50.502498626708984,4435200.0,50.502498626708984,2021-11-29
50.98749923706055,47.0,50.025001525878906,49.0525016784668,6895600.0,49.0525016784668,2021-11-30
50.02750015258789,44.252498626708984,49.849998474121094,44.959999084472656,9406000.0,44.959999084472656,2021-12-01
46.85749816894531,43.26750183105469,46.25,45.38999938964844,8348400.0,45.38999938964844,2021-12-02
45.98249816894531,39.76250076293945,45.25,43.09749984741211,16386800.0,43.09749984741211,2021-12-03
43.334999084472656,40.79999923706055,41.5,41.779998779296875,8914400.0,41.779998779296875,2021-12-06
45.494998931884766,42.627498626708984,43.79499816894531,44.45249938964844,7889600.0,44.45249938964844,2021-12-07
45.0625,42.9900016784668,44.150001525878906,43.412498474121094,10444800.0,43.412498474121094,2021-12-08
43.17250061035156,37.75,41.75,38.939998626708984,20337200.0,38.939998626708984,2021-12-09
40.57500076293945,37.0,39.95750045776367,39.752498626708984,18107600.0,39.752498626708984,2021-12-10
40.22249984741211,33.76750183105469,40.08250045776367,34.220001220703125,21944800.0,34.220001220703125,2021-12-13
37.592498779296875,32.375,32.75,36.92250061035156,26048400.0,36.92250061035156,2021-12-14
38.0,35.279998779296875,36.8650016784668,37.147499084472656,11064000.0,37.147499084472656,2021-12-15
38.61000061035156,35.532501220703125,38.23249816894531,36.147499084472656,8659200.0,36.147499084472656,2021-12-16
39.64250183105469,34.83250045776367,35.9375,38.90999984741211,17226800.0,38.90999984741211,2021-12-17
39.91999816894531,37.42499923706055,38.29750061035156,39.28499984741211,7314400.0,39.28499984741211,2021-12-20
40.0625,38.78499984741211,39.26499938964844,39.529998779296875,5720800.0,39.529998779296875,2021-12-21
39.787498474121094,38.029998779296875,39.58250045776367,38.5,4188800.0,38.5,2021-12-22
38.75,36.505001068115234,38.5,38.03499984741211,4222000.0,38.03499984741211,2021-12-23
38.154998779296875,35.0,38.0,37.07749938964844,6454400.0,37.07749938964844,2021-12-27
39.352500915527344,36.602500915527344,36.875,36.6150016784668,5324400.0,36.6150016784668,2021-12-28
38.872501373291016,35.53499984741211,36.962501525878906,38.48249816894531,8149600.0,38.48249816894531,2021-12-29
40.0,37.5,37.75,38.83250045776367,6247600.0,38.83250045776367,2021-12-30
39.182498931884766,37.025001525878906,38.404998779296875,37.09749984741211,5576000.0,37.09749984741211,2021-12-31
39.845001220703125,37.3025016784668,37.307498931884766,38.209999084472656,5654800.0,38.209999084472656,2022-01-03
38.247501373291016,35.76250076293945,38.04249954223633,37.227500915527344,7339600.0,37.227500915527344,2022-01-04
37.212501525878906,32.287498474121094,37.09749984741211,32.342498779296875,13585600.0,32.342498779296875,2022-01-05
34.42499923706055,30.28499984741211,33.209999084472656,32.75749969482422,24206000.0,32.75749969482422,2022-01-06
40.07749938964844,33.125,39.942501068115234,35.154998779296875,48549200.0,35.154998779296875,2022-01-07
33.92250061035156,30.0,33.747501373291016,32.787498474121094,22048000.0,32.787498474121094,2022-01-10
34.20000076293945,31.84749984741211,32.525001525878906,32.57500076293945,10332400.0,32.57500076293945,2022-01-11
32.83000183105469,31.612499237060547,32.5,32.01499938964844,6298000.0,32.01499938964844,2022-01-12
32.625,30.422500610351562,32.125,30.6200008392334,8901200.0,30.6200008392334,2022-01-13
30.575000762939453,28.0049991607666,30.037500381469727,29.162500381469727,15402000.0,29.162500381469727,2022-01-14
28.4375,26.100000381469727,28.27750015258789,27.227500915527344,15022400.0,27.227500915527344,2022-01-18
28.262500762939453,26.102500915527344,27.502500534057617,26.642499923706055,9614400.0,26.642499923706055,2022-01-19
28.799999237060547,25.399999618530273,26.975000381469727,25.667499542236328,11680400.0,25.667499542236328,2022-01-20
27.552499771118164,23.18000030517578,25.25,26.59000015258789,22120000.0,26.59000015258789,2022-01-21
25.71500015258789,21.572500228881836,24.7549991607666,25.037500381469727,25039600.0,25.037500381469727,2022-01-24
26.24250030517578,23.752500534057617,24.229999542236328,24.947500228881836,14297200.0,24.947500228881836,2022-01-25
29.75,25.077499389648438,25.274999618530273,25.815000534057617,33330000.0,25.815000534057617,2022-01-26
26.75,23.22249984741211,26.03499984741211,23.3799991607666,14644400.0,23.3799991607666,2022-01-27
24.5,21.90250015258789,23.850000381469727,24.477500915527344,16430400.0,24.477500915527344,2022-01-28
27.454999923706055,24.46500015258789,24.467500686645508,27.232500076293945,13997200.0,27.232500076293945,2022-01-31
29.162500381469727,27.065000534057617,28.252500534057617,28.149999618530273,13847600.0,28.149999618530273,2022-02-01
27.96500015258789,24.514999389648438,27.587499618530273,25.010000228881836,13116400.0,25.010000228881836,2022-02-02
26.735000610351562,24.427499771118164,25.375,24.8075008392334,10710000.0,24.8075008392334,2022-02-03
26.0,23.770000457763672,24.752500534057617,25.584999084472656,7627200.0,25.584999084472656,2022-02-04
26.344999313354492,24.6924991607666,25.747499465942383,25.584999084472656,7037600.0,25.584999084472656,2022-02-07
29.417499542236328,25.137500762939453,25.440000534057617,28.899999618530273,19839600.0,28.899999618530273,2022-02-08
31.177499771118164,28.25,28.522499084472656,31.072500228881836,15467600.0,31.072500228881836,2022-02-09
32.94499969482422,29.0,29.487499237060547,30.61750030517578,14826000.0,30.61750030517578,2022-02-10
32.467498779296875,30.1924991607666,30.6200008392334,31.0625,11299200.0,31.0625,2022-02-11
31.375,29.037500381469727,30.732500076293945,29.272499084472656,9102800.0,29.272499084472656,2022-02-14
31.8075008392334,29.815000534057617,30.239999771118164,31.540000915527344,7911600.0,31.540000915527344,2022-02-15
33.212501525878906,30.979999542236328,31.107500076293945,32.08250045776367,8007600.0,32.08250045776367,2022-02-16
32.712501525878906,30.55500030517578,31.6924991607666,30.852500915527344,6256400.0,30.852500915527344,2022-02-17
31.412500381469727,29.532499313354492,31.049999237060547,30.38249969482422,6214000.0,30.38249969482422,2022-02-18
30.832500457763672,28.547500610351562,29.549999237060547,29.514999389648438,6156400.0,29.514999389648438,2022-02-22
30.84000015258789,28.56999969482422,30.30500030517578,28.717500686645508,5393200.0,28.717500686645508,2022-02-23
31.427499771118164,26.030000686645508,26.38249969482422,31.145000457763672,9024800.0,31.145000457763672,2022-02-24
31.24250030517578,29.122499465942383,30.892499923706055,29.645000457763672,6841200.0,29.645000457763672,2022-02-25
31.572500228881836,29.22249984741211,30.25,30.834999084472656,6458000.0,30.834999084472656,2022-02-28
31.467500686645508,29.587499618530273,30.547500610351562,29.7549991607666,4384000.0,29.7549991607666,2022-03-01
30.667499542236328,29.092500686645508,29.875,30.49250030517578,5242800.0,30.49250030517578,2022-03-02
30.934999465942383,29.3075008392334,30.739999771118164,29.602500915527344,4382400.0,29.602500915527344,2022-03-03
30.127500534057617,27.645000457763672,29.502500534057617,27.915000915527344,5911200.0,27.915000915527344,2022-03-04
28.75,24.024999618530273,28.75,24.837499618530273,12591600.0,24.837499618530273,2022-03-07
27.247499465942383,24.272499084472656,25.25749969482422,25.752500534057617,8536000.0,25.752500534057617,2022-03-08
27.21500015258789,25.875,26.7450008392334,26.302499771118164,5598400.0,26.302499771118164,2022-03-09
26.014999389648438,24.5625,25.979999542236328,25.139999389648438,5582000.0,25.139999389648438,2022-03-10
25.725000381469727,23.172500610351562,25.665000915527344,23.172500610351562,8822000.0,23.172500610351562,2022-03-11
23.579999923706055,19.395000457763672,23.357500076293945,19.52750015258789,18134400.0,19.52750015258789,2022-03-14
21.889999389648438,19.670000076293945,20.524999618530273,20.65999984741211,14115200.0,20.65999984741211,2022-03-15
22.502500534057617,20.5,21.27750015258789,21.71500015258789,10615600.0,21.71500015258789,2022-03-16
22.395000457763672,20.862499237060547,21.274999618530273,21.924999237060547,13796400.0,21.924999237060547,2022-03-17
24.362499237060547,19.725000381469727,19.934999465942383,22.697500228881836,35688400.0,22.697500228881836,2022-03-18
24.850000381469727,22.440000534057617,22.5,23.549999237060547,15812400.0,23.549999237060547,2022-03-21
31.447500228881836,23.612499237060547,23.850000381469727,30.78499984741211,60068800.0,30.78499984741211,2022-03-22
37.73249816894531,31.637500762939453,32.5,35.25,98399200.0,35.25,2022-03-23
35.869998931884766,31.690000534057617,33.502498626708984,35.59749984741211,36400800.0,35.59749984741211,2022-03-24
39.540000915527344,34.54999923706055,35.0099983215332,37.98749923706055,53535600.0,37.98749923706055,2022-03-25
47.709999084472656,37.8849983215332,37.994998931884766,47.397499084472656,65266000.0,47.397499084472656,2022-03-28
49.852500915527344,40.75,47.060001373291016,44.974998474121094,72046000.0,44.974998474121094,2022-03-29
45.834999084472656,41.25,43.75,41.712501525878906,36676800.0,41.712501525878906,2022-03-30
43.9375,39.627498626708984,40.775001525878906,41.64500045776367,44968800.0,41.64500045776367,2022-03-31
47.442501068115234,38.814998626708984,47.224998474121094,41.25,52758400.0,41.25,2022-04-01
43.310001373291016,39.127498626708984,41.744998931884766,42.682498931884766,18519200.0,42.682498931884766,2022-04-04
42.10749816894531,38.0,42.0,38.397499084472656,15825200.0,38.397499084472656,2022-04-05
39.8224983215332,37.42499923706055,37.752498626708984,39.15999984741211,16268000.0,39.15999984741211,2022-04-06
39.17499923706055,35.39250183105469,38.52750015258789,37.5,15311200.0,37.5,2022-04-07
37.6775016784668,35.50749969482422,37.272499084472656,36.54750061035156,10371600.0,36.54750061035156,2022-04-08
37.05500030517578,35.15250015258789,35.7599983215332,36.73249816894531,9812000.0,36.73249816894531,2022-04-11
38.0625,35.41749954223633,36.625,36.217498779296875,7996400.0,36.217498779296875,2022-04-12
38.032501220703125,35.505001068115234,36.025001525878906,37.67499923706055,8032800.0,37.67499923706055,2022-04-13
39.125,36.80500030517578,37.317501068115234,37.692501068115234,10002400.0,37.692501068115234,2022-04-14
37.810001373291016,34.310001373291016,37.5,35.3650016784668,9871200.0,35.3650016784668,2022-04-18
38.244998931884766,34.96500015258789,35.712501525878906,38.11750030517578,9416800.0,38.11750030517578,2022-04-19
38.08250045776367,36.662498474121094,38.0,37.212501525878906,4648000.0,37.212501525878906,2022-04-20
38.279998779296875,34.977500915527344,37.5,35.38999938964844,6737600.0,35.38999938964844,2022-04-21
36.57500076293945,33.88750076293945,35.63750076293945,34.55500030517578,6278400.0,34.55500030517578,2022-04-22
34.9275016784668,33.31999969482422,33.852500915527344,33.98749923706055,6139200.0,33.98749923706055,2022-04-25
34.20000076293945,31.540000915527344,33.90999984741211,31.899999618530273,6182800.0,31.899999618530273,2022-04-26
33.16999816894531,31.145000457763672,31.8174991607666,32.459999084472656,5223600.0,32.459999084472656,2022-04-27
33.150001525878906,30.125,32.56999969482422,32.32749938964844,7070000.0,32.32749938964844,2022-04-28
32.72249984741211,30.752500534057617,31.825000762939453,31.267499923706055,5143600.0,31.267499923706055,2022-04-29
31.34749984741211,28.174999237060547,30.912500381469727,29.892499923706055,10172000.0,29.892499923706055,2022-05-02
31.107500076293945,28.604999542236328,29.6200008392334,30.107500076293945,7312800.0,30.107500076293945,2022-05-03
31.9375,28.93000030517578,29.802499771118164,31.770000457763672,6651200.0,31.770000457763672,2022-05-04
31.170000076293945,28.780000686645508,30.985000610351562,29.782499313354492,7015600.0,29.782499313354492,2022-05-05
30.139999389648438,27.5575008392334,29.31999969482422,28.674999237060547,7161600.0,28.674999237060547,2022-05-06
27.69499969482422,24.520000457763672,27.69499969482422,24.697500228881836,13264800.0,24.697500228881836,2022-05-09
26.514999389648438,22.0,25.7450008392334,23.375,16603200.0,23.375,2022-05-10
23.8174991607666,20.0,23.36750030517578,20.332500457763672,16681200.0,20.332500457763672,2022-05-11
27.014999389648438,19.4424991607666,20.760000228881836,22.392499923706055,40139600.0,22.392499923706055,2022-05-12
26.69499969482422,23.760000228881836,24.75,24.59749984741211,23930800.0,24.59749984741211,2022-05-13
24.795000076293945,22.69499969482422,24.700000762939453,22.950000762939453,11582000.0,22.950000762939453,2022-05-16
25.094999313354492,22.799999237060547,23.475000381469727,25.094999313354492,10444800.0,25.094999313354492,2022-05-17
24.959999084472656,22.542499542236328,24.094999313354492,22.8700008392334,11560000.0,22.8700008392334,2022-05-18
25.4950008392334,22.540000915527344,22.80500030517578,24.797500610351562,12720400.0,24.797500610351562,2022-05-19
25.602500915527344,22.4375,24.952499389648438,23.915000915527344,9972000.0,23.915000915527344,2022-05-20
24.31999969482422,22.875,24.142499923706055,24.032499313354492,6994000.0,24.032499313354492,2022-05-23
23.549999237060547,21.674999237060547,23.512500762939453,22.287500381469727,8879600.0,22.287500381469727,2022-05-24
28.86750030517578,22.53499984741211,22.53499984741211,28.792499542236328,40060000.0,28.792499542236328,2022-05-25
37.1150016784668,28.674999237060547,29.0,32.1150016784668,57892400.0,32.1150016784668,2022-05-26
35.92499923706055,31.75,35.25,34.3025016784668,30045200.0,34.3025016784668,2022-05-27
34.98249816894531,30.1299991607666,34.3025016784668,31.184999465942383,19084400.0,31.184999465942383,2022-05-31
32.397499084472656,29.252500534057617,30.704999923706055,30.350000381469727,14991600.0,30.350000381469727,2022-06-01
34.125,28.889999389648438,29.75,33.5,27918800.0,33.5,2022-06-02
34.525001525878906,31.0575008392334,32.5,33.42499923706055,18234400.0,33.42499923706055,2022-06-03
34.025001525878906,31.762500762939453,33.82500076293945,32.025001525878906,9532800.0,32.025001525878906,2022-06-06
37.47249984741211,31.582500457763672,32.5,36.625,24967600.0,36.625,2022-06-07
38.25,33.95750045776367,35.34749984741211,34.682498931884766,24473600.0,34.682498931884766,2022-06-08
34.974998474121094,31.834999084472656,34.6974983215332,32.244998931884766,13114400.0,32.244998931884766,2022-06-09
32.98249816894531,30.78499984741211,31.5,32.272499084472656,11820000.0,32.272499084472656,2022-06-10
31.142499923706055,28.575000762939453,30.127500534057617,29.5625,13792800.0,29.5625,2022-06-13
32.0,29.024999618530273,29.392499923706055,31.542499542236328,12739200.0,31.542499542236328,2022-06-14
32.9900016784668,30.90999984741211,31.237499237060547,32.3224983215332,10764400.0,32.3224983215332,2022-06-15
32.3224983215332,30.145000457763672,31.235000610351562,31.4325008392334,9995200.0,31.4325008392334,2022-06-16
33.96500015258789,31.579999923706055,31.71500015258789,33.78499984741211,12340800.0,33.78499984741211,2022-06-17
36.349998474121094,33.880001068115234,34.55500030517578,35.06999969482422,12512400.0,35.06999969482422,2022-06-21
36.182498931884766,34.10749816894531,34.66749954223633,34.6150016784668,7838000.0,34.6150016784668,2022-06-22
35.997501373291016,34.182498931884766,35.40999984741211,35.505001068115234,6682800.0,35.505001068115234,2022-06-23
37.092498779296875,32.88249969482422,35.75,33.8025016784668,16995600.0,33.8025016784668,2022-06-24
34.26250076293945,31.825000762939453,34.11750030517578,32.42250061035156,9745600.0,32.42250061035156,2022-06-27
32.83250045776367,30.56999969482422,32.752498626708984,31.094999313354492,6610000.0,31.094999313354492,2022-06-28
31.622499465942383,29.897499084472656,30.387500762939453,30.71500015258789,6826400.0,30.71500015258789,2022-06-29
31.647499084472656,29.440000534057617,29.842500686645508,30.575000762939453,6718800.0,30.575000762939453,2022-06-30
31.292499542236328,29.822500228881836,30.282499313354492,30.854999542236328,6617200.0,30.854999542236328,2022-07-01
30.6200008392334,29.752500534057617,30.375,30.0575008392334,6036000.0,30.0575008392334,2022-07-05
30.56999969482422,28.342500686645508,30.172500610351562,29.357500076293945,9988800.0,29.357500076293945,2022-07-06
33.875,30.452499389648438,31.122499465942383,33.779998779296875,30313600.0,33.779998779296875,2022-07-07
33.16749954223633,30.627500534057617,31.665000915527344,32.1349983215332,13199600.0,32.1349983215332,2022-07-08
32.935001373291016,31.162500381469727,32.13999938964844,32.522499084472656,7532800.0,32.522499084472656,2022-07-11
35.647499084472656,31.815000534057617,32.70000076293945,34.279998779296875,16899600.0,34.279998779296875,2022-07-12
36.337501525878906,33.75,33.75,35.31999969482422,13703600.0,35.31999969482422,2022-07-13
37.98749923706055,34.04999923706055,34.79750061035156,34.04999923706055,20970400.0,34.04999923706055,2022-07-14
35.592498779296875,33.50749969482422,34.86000061035156,35.40999984741211,9832400.0,35.40999984741211,2022-07-15
37.400001525878906,35.775001525878906,36.25,36.65999984741211,11155200.0,36.65999984741211,2022-07-18
39.209999084472656,36.587501525878906,37.435001373291016,37.92499923706055,12828000.0,37.92499923706055,2022-07-19
40.407501220703125,38.349998474121094,38.5,39.6875,11400400.0,39.6875,2022-07-20
40.0,37.290000915527344,39.93000030517578,38.36750030517578,9277600.0,38.36750030517578,2022-07-21
38.70000076293945,34.93000030517578,36.880001068115234,35.779998779296875,10060200.0,35.779998779296875,2022-07-22
35.5099983215332,33.25,35.0,33.97999954223633,5686300.0,33.97999954223633,2022-07-25
33.310001373291016,32.099998474121094,32.869998931884766,32.43000030517578,4866100.0,32.43000030517578,2022-07-26
34.119998931884766,32.15999984741211,32.959999084472656,33.779998779296875,4251200.0,33.779998779296875,2022-07-27
34.43000030517578,32.65999984741211,33.38999938964844,33.84000015258789,3207400.0,33.84000015258789,2022-07-28
34.790000915527344,33.060001373291016,33.68000030517578,34.0099983215332,3988800.0,34.0099983215332,2022-07-29
35.709999084472656,33.77000045776367,33.79999923706055,34.779998779296875,4196600.0,34.779998779296875,2022-08-01
36.79999923706055,35.119998931884766,35.900001525878906,35.84000015258789,4697100.0,35.84000015258789,2022-08-02
38.0099983215332,36.0,36.220001220703125,37.93000030517578,5186500.0,37.93000030517578,2022-08-03
39.88999938964844,37.88999938964844,38.34000015258789,38.36000061035156,5421500.0,38.36000061035156,2022-08-04
40.43000030517578,36.560001373291016,37.369998931884766,40.02000045776367,8124200.0,40.02000045776367,2022-08-05
47.9900016784668,40.75,41.290000915527344,43.45000076293945,17987100.0,43.45000076293945,2022-08-08
43.189998626708984,39.0,42.13999938964844,40.369998931884766,6954200.0,40.369998931884766,2022-08-09
42.0,38.630001068115234,42.0,40.529998779296875,5434700.0,40.529998779296875,2022-08-10
41.970001220703125,39.349998474121094,40.90999984741211,39.45000076293945,5140500.0,39.45000076293945,2022-08-11
41.43000030517578,39.150001525878906,40.0,40.7400016784668,5120000.0,40.7400016784668,2022-08-12
40.38999938964844,38.810001373291016,39.75,39.68000030517578,5243100.0,39.68000030517578,2022-08-15
45.529998779296875,38.599998474121094,39.16999816894531,42.189998626708984,23602800.0,42.189998626708984,2022-08-16
44.36000061035156,40.40999984741211,42.18000030517578,40.52000045776367,9766400.0,40.52000045776367,2022-08-17
40.06999969482422,37.34000015258789,39.27000045776367,37.93000030517578,8145400.0,37.93000030517578,2022-08-18
37.189998626708984,34.66999816894531,35.18000030517578,36.4900016784668,9551900.0,36.4900016784668,2022-08-19
36.20000076293945,34.20000076293945,34.310001373291016,34.5,5798600.0,34.5,2022-08-22
34.9900016784668,33.45000076293945,34.70000076293945,33.529998779296875,4836300.0,33.529998779296875,2022-08-23
34.939998626708984,32.439998626708984,34.0,32.5,5620300.0,32.5,2022-08-24
32.88999938964844,31.5,32.84000015258789,31.959999084472656,4726300.0,31.959999084472656,2022-08-25
32.380001068115234,30.6299991607666,31.5,30.940000534057617,4297300.0,30.940000534057617,2022-08-26
32.75,30.3799991607666,30.479999542236328,31.549999237060547,4292700.0,31.549999237060547,2022-08-29
31.8700008392334,29.420000076293945,31.6200008392334,29.84000015258789,5060200.0,29.84000015258789,2022-08-30
29.959999084472656,28.260000228881836,29.25,28.639999389648438,5157000.0,28.639999389648438,2022-08-31
28.90999984741211,26.950000762939453,28.0,27.6299991607666,5293900.0,27.6299991607666,2022-09-01
28.739999771118164,26.93000030517578,28.260000228881836,27.360000610351562,4675200.0,27.360000610351562,2022-09-02
26.719999313354492,24.670000076293945,25.75,25.139999389648438,7010200.0,25.139999389648438,2022-09-06
25.190000534057617,23.420000076293945,24.729999542236328,24.040000915527344,12504700.0,24.040000915527344,2022-09-07
26.739999771118164,24.06999969482422,25.0,25.829999923706055,14142200.0,25.829999923706055,2022-09-08
29.079999923706055,26.100000381469727,26.299999237060547,28.920000076293945,7899800.0,28.920000076293945,2022-09-09
30.34000015258789,28.0,29.030000686645508,29.239999771118164,6175200.0,29.239999771118164,2022-09-12
28.610000610351562,27.31999969482422,27.399999618530273,27.850000381469727,3657200.0,27.850000381469727,2022-09-13
28.450000762939453,26.649999618530273,27.559999465942383,28.1299991607666,3605800.0,28.1299991607666,2022-09-14
29.06999969482422,27.860000610351562,27.860000610351562,28.610000610351562,3329500.0,28.610000610351562,2022-09-15
28.799999237060547,27.780000686645508,28.329999923706055,28.639999389648438,4647400.0,28.639999389648438,2022-09-16
29.649999618530273,28.149999618530273,28.34000015258789,28.959999084472656,3404000.0,28.959999084472656,2022-09-19
29.329999923706055,27.18000030517578,29.280000686645508,27.540000915527344,3145900.0,27.540000915527344,2022-09-20
28.989999771118164,26.770000457763672,27.450000762939453,26.860000610351562,3859200.0,26.860000610351562,2022-09-21
27.270000457763672,24.3799991607666,27.170000076293945,24.700000762939453,4346500.0,24.700000762939453,2022-09-22
25.149999618530273,24.059999465942383,24.149999618530273,25.040000915527344,3612500.0,25.040000915527344,2022-09-23
25.8700008392334,24.1200008392334,24.65999984741211,24.479999542236328,3440300.0,24.479999542236328,2022-09-26
26.389999389648438,25.1299991607666,25.469999313354492,26.1299991607666,4487200.0,26.1299991607666,2022-09-27
27.5,25.6200008392334,25.889999389648438,27.309999465942383,2630100.0,27.309999465942383,2022-09-28
27.690000534057617,24.690000534057617,27.079999923706055,25.459999084472656,4118200.0,25.459999084472656,2022-09-29
25.81999969482422,24.440000534057617,25.030000686645508,25.1299991607666,3139600.0,25.1299991607666,2022-09-30
25.6299991607666,24.209999084472656,25.139999389648438,25.3799991607666,2653900.0,25.3799991607666,2022-10-03
27.829999923706055,25.950000762939453,25.950000762939453,27.600000381469727,4581900.0,27.600000381469727,2022-10-04
26.979999542236328,25.43000030517578,26.770000457763672,26.389999389648438,2986400.0,26.389999389648438,2022-10-05
27.0,25.799999237060547,26.290000915527344,25.989999771118164,2418700.0,25.989999771118164,2022-10-06
25.84000015258789,24.420000076293945,25.84000015258789,25.350000381469727,3259400.0,25.350000381469727,2022-10-07
26.5,24.75,25.3700008392334,25.0,2917600.0,25.0,2022-10-10
26.299999237060547,23.950000762939453,24.8700008392334,25.270000457763672,4195900.0,25.270000457763672,2022-10-11
26.889999389648438,25.270000457763672,25.959999084472656,25.360000610351562,3284400.0,25.360000610351562,2022-10-12
26.59000015258789,23.90999984741211,24.420000076293945,25.559999465942383,3516200.0,25.559999465942383,2022-10-13
26.3700008392334,24.6299991607666,25.770000457763672,24.6299991607666,2773500.0,24.6299991607666,2022-10-14
26.40999984741211,25.239999771118164,25.3700008392334,25.959999084472656,3172200.0,25.959999084472656,2022-10-17
